Title,Date
"Stranger Things: Stranger Things 4: Chapter Nine: The Piggyback","11/8/25"
"Stranger Things: Stranger Things 4: Chapter Eight: Papa","11/8/25"
"Stranger Things: Stranger Things 4: Chapter Seven: The Massacre at Hawkins Lab","11/8/25"
"Frankenstein","11/7/25"
"Stranger Things: Stranger Things 4: Chapter Six: The Dive","11/6/25"
"Stranger Things: Stranger Things 4: Chapter Five: The Nina Project","11/5/25"
"Stranger Things: Stranger Things 4: Chapter Four: Dear Billy","11/5/25"
"Stranger Things: Stranger Things 4: Chapter Three: The Monster and the Superhero","11/5/25"
"Stranger Things: Stranger Things 4: Chapter Two: Vecna's Curse","11/4/25"
"Stranger Things: Stranger Things 4: Chapter One: The Hellfire Club","11/3/25"
"Stranger Things: Stranger Things 3: Chapter Eight: The Battle of Starcourt","11/2/25"
"Stranger Things: Stranger Things 3: Chapter Seven: The Bite","11/2/25"
"Stranger Things: Stranger Things 3: Chapter Six: E Pluribus Unum","11/2/25"
"Stranger Things: Stranger Things 3: Chapter Five: The Flayed","11/2/25"
"Stranger Things: Stranger Things 3: Chapter Four: The Sauna Test","11/2/25"
"The Great Indian Kapil Show: Season 1: Kings of Hip Hop - Badshah, Divine and Karan Aujla","11/2/25"
"The Great Indian Kapil Show: Season 3: Musical Mehfil","11/2/25"
"Stranger Things: Stranger Things 3: Chapter Three: The Case of the Missing Lifeguard","11/2/25"
"The Great Indian Kapil Show: Season 3: Yaaron Ka Adda","11/2/25"
"Stranger Things: Stranger Things 3: Chapter Two: The Mall Rats","11/2/25"
"Stranger Things: Stranger Things 3: Chapter One: Suzie, Do You Copy?","11/2/25"
"Stranger Things: Stranger Things 2: Chapter Nine: The Gate","11/2/25"
"Stranger Things: Stranger Things 2: Chapter Eight: The Mind Flayer","11/2/25"
"Stranger Things: Stranger Things 2: Chapter Seven: The Lost Sister","11/2/25"
"Stranger Things: Stranger Things 2: Chapter Six: The Spy","11/1/25"
"Stranger Things: Stranger Things 2: Chapter Five: Dig Dug","11/1/25"
"Stranger Things: Stranger Things 2: Chapter Four: Will the Wise","11/1/25"
"Stranger Things: Stranger Things 2: Chapter Three: The Pollywog","11/1/25"
"Stranger Things: Stranger Things 2: Chapter Two: Trick or Treat, Freak","11/1/25"
"C.I.D: Episodes (76-104): 01-11-2025 Death Of A Fortune Teller","11/1/25"
"Kurukshetra: Krishn","11/1/25"
"Kurukshetra: Stree Parv","11/1/25"
"Kurukshetra: Ashwatthama","11/1/25"
"Kurukshetra: Bheem","11/1/25"
"Kurukshetra: Duryodhan","11/1/25"
"Kurukshetra: Karn","11/1/25"
"Kurukshetra: Dushasan","11/1/25"
"Kurukshetra: Kunti","11/1/25"
"Kurukshetra: Kripacharya","11/1/25"
"Stranger Things: Stranger Things 2: Chapter One: MADMAX","11/1/25"
"Stranger Things: Chapter Eight: The Upside Down","11/1/25"
"Stranger Things: Chapter Seven: The Bathtub","11/1/25"
"Idli Kadai","11/1/25"
"Stranger Things: Chapter Six: The Monster","11/1/25"
"Stranger Things: Chapter Five: The Flea and the Acrobat","11/1/25"
"Stranger Things: Chapter Four: The Body","10/31/25"
"Kung Fu Panda 4","10/30/25"
"C.I.D: Episodes (1-25): 21-12-2024 Sniper Rifle Murderer","10/30/25"
"Stranger Things: Chapter Three: Holly, Jolly","10/30/25"
"They Call Him OG","10/29/25"
"Bullet Train","10/29/25"
"The Ba***ds of Bollywood: Meet The Ba***ds","10/29/25"
"Shadow and Bone: Season 2: No Funerals","10/28/25"
"Shadow and Bone: Season 2: Meet You in the Meadow","10/28/25"
"Shadow and Bone: Season 2: Ni Weh Sesh (I Have No Heart)","10/28/25"
"Shadow and Bone: Season 2: Yuyeh Sesh (Despise Your Heart)","10/28/25"
"C.I.D: Episodes (76-104): 26-10-2025 Karmo Ka Phal","10/26/25"
"C.I.D: Episodes (76-104): 25-10-2025 RJ Ki Maut","10/26/25"
"C.I.D: Episodes (76-104): 19-10-2025 An Obsessed Fan","10/26/25"
"C.I.D: Episodes (76-104): 18-10-2025 Bungalow Mein Maut","10/26/25"
"Vash Level 2","10/26/25"
"Shadow and Bone: Season 2: Every Monstrous Thing","10/25/25"
"Anweshippin Kandethum","10/25/25"
"Kantara (Hindi)","10/24/25"
"Mahavatar Narsimha","10/24/25"
"Greater Kalesh","10/24/25"
"Serious Men","10/24/25"
"Shadow and Bone: Season 2: Like Calls to Like","10/23/25"
"Shadow and Bone: Season 2: Rusalye","10/22/25"
"Shadow and Bone: Season 2: No Shelter But Me","10/21/25"
"Fatherhood","10/21/25"
"Saiyaara","10/21/25"
"Shadow and Bone: Season 1: No Mourners","10/20/25"
"Shadow and Bone: Season 1: The Unsea","10/20/25"
"Shadow and Bone: Season 1: The Heart Is an Arrow","10/20/25"
"Sector 36","10/20/25"
"Shadow and Bone: Season 1: Show Me Who You Are","10/19/25"
"Shadow and Bone: Season 1: Otkazat’sya","10/19/25"
"Shadow and Bone: Season 1: The Making at the Heart of the World","10/19/25"
"Brothers","10/19/25"
"Shadow and Bone: Season 1: We’re All Someone’s Monster","10/19/25"
"Shadow and Bone: Season 1: A Searing Burst of Light","10/19/25"
"Karthik Calling Karthik","10/18/25"
"Stranger Things: Chapter Two: The Weirdo on Maple Street","10/18/25"
"Gin Tama: Season 1: You Guys!! Do You Even Have a Gintama?","10/18/25"
"Berserk: Episode 1","10/18/25"
"Dabangg 3","10/17/25"
"C.I.D: Episodes (76-104): 12-10-2025 Deadly Overtime","10/17/25"
"One-Punch Man: Season 3: Strategy Meeting","10/16/25"
"War 2","10/16/25"
"A Beautiful Mind","10/16/25"
"Stranger Things: Chapter One: The Vanishing of Will Byers","10/15/25"
"Raees","10/13/25"
"Class of '83","10/13/25"
"The Ba***ds of Bollywood: The Filmfirst Awards","10/13/25"
"Saripodhaa Sanivaaram","10/12/25"
"Locke & Key: Season 2: The Premiere","10/12/25"
"Locke & Key: Season 1: Crown of Shadows","10/12/25"
"Locke & Key: Season 1: Echoes","10/12/25"
"Locke & Key: Season 1: Ray of F**king Sunshine","10/12/25"
"Locke & Key: Season 1: Dissection","10/12/25"
"Locke & Key: Season 1: The Black Door","10/12/25"
"Locke & Key: Season 1: Family Tree","10/12/25"
"Locke & Key: Season 1: The Keepers of the Keys","10/11/25"
"Locke & Key: Season 1: Head Games","10/11/25"
"Locke & Key: Season 1: Trapper / Keeper","10/11/25"
"Locke & Key: Season 1: Welcome to Matheson","10/11/25"
"C.I.D: Episodes (76-104): 11-10-2025 Murder At The Resort","10/11/25"
"CBI 5: The Brain","10/11/25"
"Alice in Borderland: Season 3: Episode 6","10/11/25"
"Alice in Borderland: Season 3: Episode 5","10/11/25"
"C.I.D: Episodes (76-104): 05-10-2025 Curious Case Of Artificial Intelligence","10/10/25"
"C.I.D: Episodes (76-104): 04-10-2025 A Poisoned Necklace","10/10/25"
"Kurukshetra: Yudhisthir","10/10/25"
"Kurukshetra: Ghatotkach","10/10/25"
"Kurukshetra: Arjun","10/10/25"
"Kurukshetra: Jayadrath","10/10/25"
"Kurukshetra: Abhimanyu","10/10/25"
"Kurukshetra: Dronacharya","10/10/25"
"Kurukshetra: Bhishm","10/10/25"
"Kurukshetra: Vishwaroop","10/10/25"
"Kurukshetra: Sanjay","10/10/25"
"Alice in Borderland: Season 3: Episode 4","10/9/25"
"Alice in Borderland: Season 3: Episode 3","10/9/25"
"Alice in Borderland: Season 3: Episode 2","10/8/25"
"Alice in Borderland: Season 3: Episode 1","10/8/25"
"Happy New Year","10/7/25"
"The Vampire Diaries: Season 8: I Was Feeling Epic","10/6/25"
"The Vampire Diaries: Season 8: We're Planning a June Wedding","10/5/25"
"The Vampire Diaries: Season 8: It's Been a Hell of a Ride","10/5/25"
"The Vampire Diaries: Season 8: The Lies Will Catch Up to You","10/5/25"
"The Vampire Diaries: Season 8: What Are You?","10/5/25"
"Money Heist: Part 1: Episode 1","10/5/25"
"The Vampire Diaries: Season 8: You Made a Choice to Be Good","10/5/25"
"The Vampire Diaries: Season 8: Nostalgia's a Bitch","10/5/25"
"The Vampire Diaries: Season 8: The Simple Intimacy of the Near Touch","10/5/25"
"The Vampire Diaries: Season 8: We Have History Together","10/4/25"
"The Vampire Diaries: Season 8: The Next Time I Hurt Somebody, It Could Be You","10/3/25"
"The Vampire Diaries: Season 8: Detoured on Some Random Backwoods Path to Hell","10/3/25"
"The Vampire Diaries: Season 8: Coming Home Was a Mistake","10/3/25"
"The Vampire Diaries: Season 8: An Eternity of Misery","10/3/25"
"The Vampire Diaries: Season 8: You Decided I Was Worth Saving","10/3/25"
"Sikandar Ka Muqaddar","10/2/25"
"Dhadak 2","10/2/25"
"The Vampire Diaries: Season 8: Today Will Be Different","10/1/25"
"The Dictator","10/1/25"
"The Vampire Diaries: Season 8: Hello, Brother","10/1/25"
"The Vampire Diaries: Season 7: Gods and Monsters","10/1/25"
"The Vampire Diaries: Season 7: Requiem for a Dream","10/1/25"
"The Vampire Diaries: Season 7: Kill 'Em All","10/1/25"
"The Vampire Diaries: Season 7: Somebody That I Used to Know","10/1/25"
"The Vampire Diaries: Season 7: One Way or Another","9/30/25"
"The Vampire Diaries: Season 7: I Went to the Woods","9/30/25"
"The Vampire Diaries: Season 7: Days of Future Past","9/30/25"
"The Vampire Diaries: Season 7: I Would for You","9/30/25"
"The Vampire Diaries: Season 7: Moonlight on the Bayou","9/30/25"
"The Vampire Diaries: Season 7: This Woman's Work","9/30/25"
"The Vampire Diaries: Season 7: Postcards from the Edge","9/30/25"
"The Vampire Diaries: Season 7: Things We Lost in the Fire","9/30/25"
"The Vampire Diaries: Season 7: Hell Is Other People","9/30/25"
"The Vampire Diaries: Season 7: Cold as Ice","9/30/25"
"The Vampire Diaries: Season 7: Hold Me, Thrill Me, Kiss Me, Kill Me","9/30/25"
"The Vampire Diaries: Season 7: Mommie Dearest","9/29/25"
"The Vampire Diaries: Season 7: Best Served Cold","9/29/25"
"The Vampire Diaries: Season 7: Live Through This","9/29/25"
"The Vampire Diaries: Season 7: I Carry Your Heart with Me","9/29/25"
"The Vampire Diaries: Season 7: Age of Innocence","9/29/25"
"The Vampire Diaries: Season 7: Never Let Me Go","9/29/25"
"Alice in Borderland: Season 2: Episode 8","9/29/25"
"Alice in Borderland: Season 2: Episode 7","9/29/25"
"Alice in Borderland: Season 2: Episode 6","9/29/25"
"Alice in Borderland: Season 2: Episode 5","9/29/25"
"Alice in Borderland: Season 2: Episode 4","9/29/25"
"Alice in Borderland: Season 2: Episode 3","9/29/25"
"Alice in Borderland: Season 2: Episode 2","9/29/25"
"Alice in Borderland: Season 2: Episode 1","9/29/25"
"Alice in Borderland: Season 1: Episode 8","9/29/25"
"Alice in Borderland: Season 1: Episode 7","9/29/25"
"Alice in Borderland: Season 1: Episode 6","9/29/25"
"Alice in Borderland: Season 1: Episode 5","9/29/25"
"Alice in Borderland: Season 1: Episode 4","9/29/25"
"The Vampire Diaries: Season 7: Day One of Twenty-Two Thousand, Give or Take","9/29/25"
"The Vampire Diaries: Season 6: I'm Thinking of You All the While","9/29/25"
"The Vampire Diaries: Season 6: I'll Wed You in the Golden Summertime","9/28/25"
"Alice in Borderland: Season 1: Episode 3","9/28/25"
"Alice in Borderland: Season 1: Episode 2","9/28/25"
"Alice in Borderland: Season 1: Episode 1","9/28/25"
"C.I.D: Episodes (76-104): 28-09-2025 Pariyon Ki Duniya","9/28/25"
"C.I.D: Episodes (76-104): 27-09-2025 Death During A Live Stream","9/28/25"
"C.I.D: Episodes (76-104): 21-09-2025 Attack On Mumbai","9/28/25"
"C.I.D: Episodes (76-104): 20-09-2025 The Missing Influencer","9/28/25"
"C.I.D: Episodes (76-104): 14-09-2025 High Security Murder","9/28/25"
"The Vampire Diaries: Season 6: I'd Leave My Happy Home for You","9/28/25"
"The Vampire Diaries: Season 6: Because","9/28/25"
"Ginny Weds Sunny","9/28/25"
"Ajeeb Daastaans","9/27/25"
"The Vampire Diaries: Season 6: I Never Could Love Like That","9/27/25"
"The Vampire Diaries: Season 6: A Bird in a Gilded Cage","9/27/25"
"The Vampire Diaries: Season 6: The Downward Spiral","9/27/25"
"Fukrey","9/27/25"
"Son of Sardaar 2","9/27/25"
"The Great Indian Kapil Show: Season 3: Khiladi Returns","9/27/25"
"The Vampire Diaries: Season 6: Let Her Go","9/27/25"
"Sex/Life: Season 1: The Wives Are in Connecticut","9/27/25"
"Fatal Seduction: Season 1: Mister Wrong","9/27/25"
"Dark Desire: Season 1: It's Just Sex","9/27/25"
"The Vampire Diaries: Season 6: Stay","9/27/25"
"The Royals: The Maharaja and the CEO.","9/26/25"
"The Royals: The Ex-Factor.","9/26/25"
"The Royals: A Ball to Remember.","9/26/25"
"The Royals: A Swing and a Ms.","9/26/25"
"The Royals: A Pitch Made in Heaven.","9/26/25"
"Split","9/26/25"
"The Vampire Diaries: Season 6: The Day I Tried to Live","9/26/25"
"The Ba***ds of Bollywood: Picture Ka Title Hoga…","9/26/25"
"The Vampire Diaries: Season 6: Prayer for the Dying","9/26/25"
"The Vampire Diaries: Season 6: Woke Up with a Monster","9/26/25"
"The Ba***ds of Bollywood: My Hero","9/26/25"
"The Ba***ds of Bollywood: Bullshit Party","9/26/25"
"The Ba***ds of Bollywood: Barbaad Mohabbat","9/26/25"
"The Ba***ds of Bollywood: ⁠⁠Movie Mafia","9/26/25"
"The Great Indian Kapil Show: Season 2: Bonded By Love - Alia Bhatt, Karan Johar, Vedang Raina and Vasan Bala","9/26/25"
"The Vampire Diaries: Season 6: Christmas Through Your Eyes","9/26/25"
"The Vampire Diaries: Season 6: I Alone","9/26/25"
"The Vampire Diaries: Season 6: Fade into You","9/25/25"
"The Good Doctor: Season 2: Middle Ground","9/25/25"
"The Good Doctor: Season 2: Hello","9/25/25"
"The Vampire Diaries: Season 6: Do You Remember the First Time?","9/25/25"
"The Vampire Diaries: Season 6: The More You Ignore Me, the Closer I Get","9/25/25"
"The Vampire Diaries: Season 6: The World has Turned and Left Me Here","9/25/25"
"The Vampire Diaries: Season 6: Black Hole Sun","9/25/25"
"The Vampire Diaries: Season 6: Welcome to Paradise","9/25/25"
"Bajrangi Bhaijaan","9/24/25"
"Demon Slayer: Kimetsu no Yaiba: Tanjiro Kamado, Unwavering Resolve Arc: Hashira Meeting","9/24/25"
"Ozark: Season 4: Sangre Sobre Todo","9/24/25"
"The Vampire Diaries: Season 6: Yellow Ledbetter","9/24/25"
"The Vampire Diaries: Season 6: I'll Remember","9/24/25"
"Badla","9/24/25"
"The Vampire Diaries: Season 5: Home","9/24/25"
"The Vampire Diaries: Season 5: Promised Land","9/24/25"
"The Good Doctor: Season 1: More","9/24/25"
"The Vampire Diaries: Season 5: What Lies Beneath","9/24/25"
"The Vampire Diaries: Season 5: Man on Fire","9/24/25"
"The Vampire Diaries: Season 5: Resident Evil","9/23/25"
"The Vampire Diaries: Season 5: Rescue Me","9/23/25"
"Inspector Zende","9/23/25"
"The Vampire Diaries: Season 5: While You Were Sleeping","9/23/25"
"The Vampire Diaries: Season 5: Gone Girl","9/23/25"
"The Vampire Diaries: Season 5: No Exit","9/23/25"
"The Vampire Diaries: Season 5: Total Eclipse of the Heart","9/23/25"
"The Vampire Diaries: Season 5: The Devil Inside","9/22/25"
"The Vampire Diaries: Season 5: 500 Years of Solitude","9/22/25"
"The Good Doctor: Season 1: Smile","9/22/25"
"The Good Doctor: Season 1: Pain","9/22/25"
"The Vampire Diaries: Season 5: Fifty Shades of Grayson","9/22/25"
"The Vampire Diaries: Season 5: The Cell","9/22/25"
"The Vampire Diaries: Season 5: Dead Man on Campus","9/22/25"
"The Vampire Diaries: Season 5: Death and the Maiden","9/22/25"
"The Vampire Diaries: Season 5: Handle With Care","9/21/25"
"The Vampire Diaries: Season 5: Monster's Ball","9/21/25"
"The Good Doctor: Season 1: Heartfelt","9/21/25"
"The Good Doctor: Season 1: She","9/21/25"
"The Vampire Diaries: Season 5: For Whom the Bell Tolls","9/21/25"
"Pyaar Ka Punchnama","9/21/25"
"The Vampire Diaries: Season 5: Original Sin","9/21/25"
"The Good Doctor: Season 1: Seven Reasons","9/21/25"
"The Vampire Diaries: Season 5: True Lies","9/21/25"
"The Vampire Diaries: Season 5: I Know What You Did Last Summer","9/20/25"
"The Vampire Diaries: Season 4: Graduation","9/20/25"
"Metro... In Dino","9/20/25"
"Meenakshi Sundareshwar","9/20/25"
"The Vampire Diaries: Season 4: The Walking Dead","9/20/25"
"The Good Doctor: Season 1: Islands: Part 2","9/20/25"
"The Vampire Diaries: Season 4: She's Come Undone","9/20/25"
"The Fragrant Flower Blooms With Dignity: A Kind Person","9/19/25"
"The Fragrant Flower Blooms With Dignity: Chidori and Kikyo","9/19/25"
"DAN DA DAN: Season 2: Clash! Space Kaiju vs. Giant Robot!","9/19/25"
"The Vampire Diaries: Season 4: The Originals","9/19/25"
"The Vampire Diaries: Season 4: Pictures of You","9/19/25"
"The Vampire Diaries: Season 4: American Gothic","9/19/25"
"The Vampire Diaries: Season 4: Because the Night","9/19/25"
"The Vampire Diaries: Season 4: Bring It On","9/19/25"
"The Vampire Diaries: Season 4: Stand By Me","9/18/25"
"Best of The Great Indian Kapil Show: Stories of the Stars","9/18/25"
"The Vampire Diaries: Season 4: Down the Rabbit Hole","9/18/25"
"The Vampire Diaries: Season 4: Into the Wild","9/18/25"
"The Vampire Diaries: Season 4: A View to a Kill","9/18/25"
"The Vampire Diaries: Season 4: Catch Me If You Can","9/18/25"
"The Vampire Diaries: Season 4: After School Special","9/17/25"
"The Vampire Diaries: Season 4: O Come, All Ye Faithful","9/17/25"
"The Vampire Diaries: Season 4: We'll Always Have Bourbon Street","9/17/25"
"The Vampire Diaries: Season 4: My Brother's Keeper","9/17/25"
"'83","9/17/25"
"The Vampire Diaries: Season 4: We All Go a Little Mad Sometimes","9/17/25"
"The Vampire Diaries: Season 4: The Killer","9/16/25"
"The Vampire Diaries: Season 4: The Five","9/16/25"
"The Vampire Diaries: Season 4: The Rager","9/16/25"
"The Vampire Diaries: Season 4: Memorial","9/16/25"
"Rising Impact: Season 2: The Door to One’s Soul","9/15/25"
"The Vampire Diaries: Season 4: Growing Pains","9/15/25"
"The Vampire Diaries: Season 3: The Departed","9/15/25"
"The Vampire Diaries: Season 3: Before Sunset","9/15/25"
"The Vampire Diaries: Season 3: Do Not Go Gentle","9/15/25"
"The Vampire Diaries: Season 3: Heart of Darkness","9/15/25"
"The Vampire Diaries: Season 3: The Murder of One","9/15/25"
"C.I.D: Episodes (76-104): 13-09-2025 Shooting Stars","9/14/25"
"The Vampire Diaries: Season 3: Break On Through","9/14/25"
"The Vampire Diaries: Season 3: 1912","9/14/25"
"The Vampire Diaries: Season 3: All My Children","9/13/25"
"The Vampire Diaries: Season 3: Dangerous Liaisons","9/13/25"
"The Vampire Diaries: Season 3: Bringing Out the Dead","9/13/25"
"The Great Indian Kapil Show: Season 3: South Superheroes","9/13/25"
"Fall for Me","9/13/25"
"The Vampire Diaries: Season 3: The Ties That Bind","9/13/25"
"The Great Indian Kapil Show: Season 2: Shotgun with the Sinhas","9/13/25"
"The Great Indian Kapil Show: Season 2: Entertainer No. 1 - Govinda, Chunky Panday & Shakti Kapoor","9/13/25"
"Lakshya","9/13/25"
"The Vampire Diaries: Season 3: Our Town","9/13/25"
"The Vampire Diaries: Season 3: The New Deal","9/13/25"
"The Vampire Diaries: Season 3: Homecoming","9/13/25"
"The Vampire Diaries: Season 3: Ordinary People","9/13/25"
"The Vampire Diaries: Season 3: Ghost World","9/13/25"
"The Thursday Murder Club","9/13/25"
"The Vampire Diaries: Season 3: Smells Like Teen Spirit","9/13/25"
"DAN DA DAN: Season 2: Hey, it's a Kaiju","9/13/25"
"The Vampire Diaries: Season 3: The Reckoning","9/12/25"
"The Vampire Diaries: Season 3: Disturbing Behavior","9/12/25"
"The Vampire Diaries: Season 3: The End of the Affair","9/12/25"
"The Vampire Diaries: Season 3: The Hybrid","9/12/25"
"The Vampire Diaries: Season 3: The Birthday","9/12/25"
"The Vampire Diaries: Season 2: As I Lay Dying","9/12/25"
"The Vampire Diaries: Season 2: The Sun Also Rises","9/12/25"
"Devara","9/11/25"
"Pushpa 2: The Rule (Reloaded Version)","9/11/25"
"The Vampire Diaries: Season 2: The Last Day","9/11/25"
"The Good Doctor: Season 1: Islands: Part 1","9/11/25"
"The Vampire Diaries: Season 2: Klaus","9/11/25"
"The Vampire Diaries: Season 2: The Last Dance","9/11/25"
"The Vampire Diaries: Season 2: Know Thy Enemy","9/11/25"
"The Vampire Diaries: Season 2: The House Guest","9/10/25"
"The Vampire Diaries: Season 2: The Dinner Party","9/10/25"
"The Vampire Diaries: Season 2: Crying Wolf","9/10/25"
"The Good Doctor: Season 1: Sacrifice","9/10/25"
"The Vampire Diaries: Season 2: Daddy Issues","9/10/25"
"C.I.D: Episodes (76-104): 07-09-2025 A Serial Killer's Revenge","9/10/25"
"The Vampire Diaries: Season 2: The Descent","9/9/25"
"The Vampire Diaries: Season 2: By the Light of the Moon","9/9/25"
"The Vampire Diaries: Season 2: The Sacrifice","9/9/25"
"The Good Doctor: Season 1: Intangibles","9/9/25"
"The Vampire Diaries: Season 2: Katerina","9/9/25"
"Do Patti","9/9/25"
"The Vampire Diaries: Season 2: Rose","9/9/25"
"Kolaiyuthir Kaalam","9/9/25"
"The Vampire Diaries: Season 2: Masquerade","9/9/25"
"The Vampire Diaries: Season 2: Plan B","9/9/25"
"The Vampire Diaries: Season 2: Kill or Be Killed","9/9/25"
"The Vampire Diaries: Season 2: Memory Lane","9/8/25"
"The Vampire Diaries: Season 2: Bad Moon Rising","9/8/25"
"The Vampire Diaries: Season 2: Brave New World","9/8/25"
"The Good Doctor: Season 1: Apple","9/8/25"
"The Good Doctor: Season 1: Burnt Food","9/8/25"
"The Vampire Diaries: Season 2: The Return","9/8/25"
"The Vampire Diaries: Season 1: Founder's Day","9/8/25"
"The Vampire Diaries: Season 1: Isobel","9/8/25"
"The Vampire Diaries: Season 1: Blood Brothers","9/7/25"
"The Vampire Diaries: Season 1: Miss Mystic Falls","9/7/25"
"The Vampire Diaries: Season 1: Under Control","9/7/25"
"The Vampire Diaries: Season 1: Let the Right One In","9/7/25"
"The Vampire Diaries: Season 1: There Goes the Neighborhood","9/7/25"
"The Vampire Diaries: Season 1: A Few Good Men","9/6/25"
"The Vampire Diaries: Season 1: Fool Me Once","9/6/25"
"The Vampire Diaries: Season 1: Children of the Damned","9/6/25"
"C.I.D: Episodes (51-75): 06-09-2025 An Author's Murder Mystery","9/6/25"
"Darlings","9/6/25"
"Jamtara - Sabka Number Ayega: Season 1: Episode 1","9/6/25"
"Maamla Legal Hai: Egregious","9/6/25"
"The Vampire Diaries: Season 1: Unpleasantville","9/6/25"
"The Vampire Diaries: Season 1: Bloodlines","9/6/25"
"Mrs. Serial Killer","9/5/25"
"CAT: The Deal","9/5/25"
"The Vampire Diaries: Season 1: The Turning Point","9/5/25"
"The Vampire Diaries: Season 1: History Repeating","9/5/25"
"The Vampire Diaries: Season 1: 162 Candles","9/5/25"
"The Good Doctor: Season 6: Love's Labor","9/5/25"
"The Good Doctor: Season 6: A Beautiful Day","9/5/25"
"The Vampire Diaries: Season 1: Haunted","9/5/25"
"The Vampire Diaries: Season 1: Lost Girls","9/5/25"
"The Good Doctor: Season 6: Blessed","9/5/25"
"The Good Doctor: Season 6: Half Measures","9/5/25"
"The Good Doctor: Season 6: A Blip","9/5/25"
"The Vampire Diaries: Season 1: You're Undead to Me","9/4/25"
"Wednesday: Season 2: This Means Woe","9/4/25"
"Wednesday: Season 2: Woe Me the Money","9/4/25"
"Wednesday: Season 2: Woe Thyself","9/4/25"
"Wednesday: Season 2: Hyde and Woe Seek","9/4/25"
"The Vampire Diaries: Season 1: Family Ties","9/4/25"
"The Vampire Diaries: Season 1: Friday Night Bites","9/4/25"
"SAKAMOTO DAYS: Exam, Stage Three","9/4/25"
"Billu","9/3/25"
"Kho Gaye Hum Kahan","9/3/25"
"Kingdom","9/3/25"
"The Great Indian Kapil Show: Season 2: South Sensations - NTR, Saif Ali Khan and Janhvi Kapoor","9/3/25"
"The Vampire Diaries: Season 1: The Night of the Comet","9/3/25"
"The Great Indian Kapil Show: Season 3: Love and Laughs with Param Sundari","9/3/25"
"Tehran","9/2/25"
"Mai: Episode 6","9/2/25"
"C.I.D: Episodes (51-75): 31-08-2025 The Headless Dead Body","9/2/25"
"Mai: Episode 5","9/2/25"
"Mai: Episode 4","9/2/25"
"Mai: Episode 3","9/2/25"
"Mai: Episode 2","9/2/25"
"The Vampire Diaries: Season 1: Pilot","9/2/25"
"Ozark: Season 4: Ellie","9/2/25"
"Mai: Episode 1","9/1/25"
"Aap Jaisa Koi","9/1/25"
"The Good Doctor: Season 6: Second Chances and Past Regrets","9/1/25"
"Ozark: Season 4: Ace Deuce","9/1/25"
"Ozark: Season 4: City on the Make","8/31/25"
"Ozark: Season 4: Let the Great World Spin","8/31/25"
"Raid 2","8/31/25"
"Saare Jahan Se Accha: Episode 6","8/30/25"
"Saare Jahan Se Accha: Episode 5","8/30/25"
"The Great Indian Kapil Show: Season 2: World Cup Champions - Rohit Sharma, Suryakumar Yadav, Axar Patel, Arshdeep Singh and Shivam Dube","8/30/25"
"C.I.D: Episodes (51-75): 30-08-2025 Manch Par Maut","8/30/25"
"The Great Indian Kapil Show: Season 2: Business Baazigars - Sudha Murthy, Narayan Murthy, Deepinder Goyal and Gia Goyal","8/30/25"
"Maareesan","8/30/25"
"Saare Jahan Se Accha: Episode 4","8/29/25"
"Saare Jahan Se Accha: Episode 3","8/29/25"
"Saare Jahan Se Accha: Episode 2","8/29/25"
"Maa","8/29/25"
"Jungle Beat: The Movie","8/29/25"
"Saare Jahan Se Accha: Episode 1","8/29/25"
"Mission Raniganj: The Great Bharat Rescue","8/27/25"
"Lust Stories","8/27/25"
"Lust Stories 2","8/27/25"
"The Good Doctor: Season 6: The Good Lawyer","8/27/25"
"The Good Doctor: Season 6: Old Friends","8/27/25"
"The Good Doctor: Season 6: Hard Heart","8/27/25"
"The Good Doctor: Season 6: 39 Differences","8/27/25"
"The Good Doctor: Season 6: 365 Degrees","8/27/25"
"The Good Doctor: Season 6: The Good Boy","8/27/25"
"SAKAMOTO DAYS: Kanaguri","8/27/25"
"Fair Play","8/27/25"
"Bard of Blood: What's Past is Prologue","8/26/25"
"Thandel","8/26/25"
"The Good Doctor: Season 6: Quiet And Loud","8/26/25"
"SAKAMOTO DAYS: Have a nice fight","8/26/25"
"SPY x FAMILY: Season 1: Operation Strix","8/26/25"
"Money Heist: Korea - Joint Economic Area: Episode 1","8/26/25"
"The Good Doctor: Season 6: Broken Or Not","8/26/25"
"The Good Doctor: Season 6: Sorry, Not Sorry","8/26/25"
"Rising Impact: Season 2: Worthy New Opponents","8/26/25"
"Rising Impact: Season 1: To the Battlefield!","8/26/25"
"Rising Impact: Season 1: A Venerable Visitor","8/26/25"
"Rising Impact: Season 1: Playoffs","8/26/25"
"Aema: Limited Series: Episode 2","8/25/25"
"Aema: Limited Series: Episode 1","8/25/25"
"C.I.D: Episodes (51-75): 24-08-2025 Do Minute, Do Khoon","8/25/25"
"The Great Indian Kapil Show: Season 3: Business Ke Gamechangers","8/25/25"
"Kurup (Hindi)","8/25/25"
"OMG 2","8/25/25"
"Leo (Hindi)","8/25/25"
"Dragon Ball Z: Season 1: Mini-Goku is an Overprotected Boy! I Am Gohan.","8/25/25"
"Extraordinary Attorney Woo: Extraordinary Attorney Woo","8/24/25"
"Bhool Bhulaiyaa","8/23/25"
"C.I.D: Episodes (51-75): 23-08-2025 Dead Principal","8/23/25"
"Rising Impact: Season 1: Stubbornness and Pride","8/23/25"
"Goodbye","8/23/25"
"Bharat","8/23/25"
"Khufiya","8/22/25"
"The Great Indian Kapil Show: Season 1: Stars of Chamkila","8/22/25"
"Rising Impact: Season 1: The Tryouts Begin","8/22/25"
"Oho Enthan Baby","8/21/25"
"Kraven the Hunter","8/21/25"
"Kathal - A Jackfruit Mystery","8/20/25"
"Rising Impact: Season 1: An Explosive Situation","8/19/25"
"No Limit","8/19/25"
"The Great Indian Kapil Show: Season 2: Superstar Sisters - Kareena and Karisma","8/18/25"
"The Great Indian Kapil Show: Season 1: Fun With Friends - Anil Kapoor and Farah Khan","8/18/25"
"The Great Indian Kapil Show: Season 2: Evergreen Icon - Rekha","8/18/25"
"The Great Indian Kapil Show: Season 3: Being Salman","8/18/25"
"Weak Hero: Class 1: Episode 4","8/18/25"
"Weak Hero: Class 1: Episode 3","8/18/25"
"Weak Hero: Class 1: Episode 2","8/17/25"
"Weak Hero: Class 1: Episode 1","8/17/25"
"C.I.D: Episodes (51-75): 17-08-2025 Shraap","8/17/25"
"C.I.D: Episodes (51-75): 16-08-2025 Failed Transactions","8/17/25"
"The Great Indian Kapil Show: Season 3: Sardaron Ka Swag","8/16/25"
"The Great Indian Kapil Show: Season 3: Metro Masti","8/16/25"
"The Great Indian Kapil Show: Season 3: Streaming Superstars","8/16/25"
"The Great Indian Kapil Show: Season 3: Parineeti - Raghav ki Prem Sabha","8/16/25"
"Rising Impact: Season 1: Uncrowned Prince","8/16/25"
"Rising Impact: Season 1: Camelot Academy","8/16/25"
"SAKAMOTO DAYS: Overload","8/16/25"
"Rising Impact: Season 1: First Tournament","8/15/25"
"Rising Impact: Season 1: Twin Peaks of Talent","8/15/25"
"SAKAMOTO DAYS: Slice Slice Dance","8/15/25"
"SAKAMOTO DAYS: Round and Round the Tower","8/15/25"
"SAKAMOTO DAYS: Strong Assault","8/15/25"
"SAKAMOTO DAYS: Just Desserts","8/15/25"
"Weak Hero: Class 2: Episode 1","8/15/25"
"Rising Impact: Season 1: The Importance of Each Stroke","8/15/25"
"Rising Impact: Season 1: Encountering a Dream","8/15/25"
"Kung Fu Hustle","8/14/25"
"Get Smart With Money","8/13/25"
"How to Get Rich: Design Your Rich Life","8/13/25"
"The Great Indian Kapil Show: Season 2: Punjab Ke Sher - Navjot Singh Sidhu & Harbhajan Singh","8/12/25"
"C.I.D: Episodes (51-75): 10-08-2025 Officer Abhijeet Witnesses A Crime","8/12/25"
"Home","8/12/25"
"The Great Indian Kapil Show: Season 2: Karwa Chauth with the Fabulous Wives","8/10/25"
"The Great Indian Kapil Show: Season 3: Dil Dosti Bhai-Behen","8/10/25"
"C.I.D: Episodes (51-75): 09-08-2025 Accident Ya Murder?","8/9/25"
"Dobaaraa","8/9/25"
"Kuroko's Basketball: Season 3: A Day with Blue Skies","8/9/25"
"Kuroko's Basketball: Season 3: He is the Best Player","8/9/25"
"Kuroko's Basketball: Season 3: This Time, For Sure","8/9/25"
"Kuroko's Basketball: Season 3: In Order to Win","8/9/25"
"Kuroko's Basketball: Season 3: Don't Belittle Us!!","8/9/25"
"Kuroko's Basketball: Season 3: True Light","8/9/25"
"Kuroko's Basketball: Season 3: It Makes Me Laugh","8/8/25"
"Kuroko's Basketball: Season 3: I Will Offer Them","8/8/25"
"Kuroko's Basketball: Season 3: I Know None of That","8/7/25"
"Kuroko's Basketball: Season 3: I'll Take This For Now","8/7/25"
"Kuroko's Basketball: Season 3: Don't You Get In My Way","8/7/25"
"Mimi","8/7/25"
"Kuroko's Basketball: Season 3: This Is Mine","8/7/25"
"Kuroko's Basketball: Season 3: I'm Just Going at Full Strength","8/7/25"
"Kuroko's Basketball: Season 2: Episode 50","8/7/25"
"Kuroko's Basketball: Season 2: Episode 49","8/6/25"
"Kuroko's Basketball: Season 2: Episode 48","8/6/25"
"Kuroko's Basketball: Season 2: Episode 47","8/6/25"
"Unspeakable Sins: New Life","8/6/25"
"Unspeakable Sins: A Heavy Blow","8/6/25"
"Unspeakable Sins: Revelations","8/6/25"
"Wednesday: Season 2: If These Woes Could Talk","8/6/25"
"Wednesday: Season 2: Call of the Woe","8/6/25"
"Wednesday: Season 2: The Devil You Woe","8/6/25"
"Wednesday: Season 2: Here We Woe Again","8/6/25"
"Kuroko's Basketball: Season 2: Episode 46","8/6/25"
"Kuroko's Basketball: Season 2: Episode 45","8/6/25"
"Mandala Murders: Chapter 8","8/6/25"
"Kuroko's Basketball: Season 2: Episode 44","8/6/25"
"Mandala Murders: Chapter 7","8/6/25"
"Kuroko's Basketball: Season 2: Episode 43","8/6/25"
"Mandala Murders: Chapter 6","8/6/25"
"Kuroko's Basketball: Season 2: Episode 42","8/6/25"
"Kuroko's Basketball: Season 2: Would You Mind Doing That Once More","8/5/25"
"Mandala Murders: Chapter 5","8/5/25"
"Mandala Murders: Chapter 4","8/5/25"
"Unspeakable Sins: All Against All","8/5/25"
"Unspeakable Sins: Disillusionment","8/5/25"
"Unspeakable Sins: The Scandal","8/5/25"
"Unspeakable Sins: Secrets of the Past","8/5/25"
"Unspeakable Sins: Extortion","8/5/25"
"Unspeakable Sins: He's Alive","8/5/25"
"Mandala Murders: Chapter 3","8/5/25"
"Unspeakable Sins: Captured","8/5/25"
"Unspeakable Sins: The Call","8/5/25"
"Unspeakable Sins: The Prosecutor's Fall","8/5/25"
"Unspeakable Sins: False Death","8/5/25"
"Unspeakable Sins: Doubts","8/5/25"
"Mandala Murders: Chapter 2","8/5/25"
"Unspeakable Sins: Under Suspicion","8/5/25"
"Unspeakable Sins: Desperation","8/5/25"
"Unspeakable Sins: The Reunion","8/5/25"
"Unspeakable Sins: The Trap","8/5/25"
"Mandala Murders: Chapter 1","8/5/25"
"Vir Das: Fool Volume","8/5/25"
"Kuroko's Basketball: Season 2: Episode 41","8/5/25"
"Kuroko's Basketball: Season 2: Episode 40","8/4/25"
"Kuroko's Basketball: Season 2: Episode 39","8/4/25"
"Kuroko's Basketball: Season 2: Episode 38","8/4/25"
"Kuroko's Basketball: Season 2: Episode 37","8/4/25"
"Kuroko's Basketball: Season 2: Episode 36","8/3/25"
"Kuroko's Basketball: Season 2: Episode 35","8/3/25"
"The Great Indian Kapil Show: Season 2: Double Trouble with Kriti and Kajol","8/3/25"
"The Great Indian Kapil Show: Season 2: Bhoot Bhari Diwali","8/3/25"
"C.I.D: Episodes (51-75): 03-08-2025 Ekk Insaan, Do Maut","8/3/25"
"Sanju","8/3/25"
"Vicky Vidya ka Woh Wala Video","8/3/25"
"Kuroko's Basketball: Season 2: Episode 34","8/2/25"
"Kuroko's Basketball: Season 2: Episode 33","8/2/25"
"Bleach: The Rescue: The Awakening Lion","8/2/25"
"Bleach: The Rescue: Rukia's Nightmare","8/2/25"
"Bleach: The Rescue: Hitsugaya Roars!","8/2/25"
"Bleach: The Rescue: The Avengers","8/2/25"
"Bleach: The Lost Agent: 3rd Year High School Student! Dressed up, and a New Chapter Begins!","8/2/25"
"The Good Detective: Season 1: Episode 1","8/2/25"
"C.I.D: Episodes (51-75): 02-08-2025 CID Ke Naam Ek Gift","8/2/25"
"Fishbowl Wives: The Fishbowl Wives","8/2/25"
"Fishbowl Wives: The Renovation Wife","8/2/25"
"Fishbowl Wives: The Headache Wife Part 2","8/2/25"
"Happy Gilmore 2","8/2/25"
"Kuroko's Basketball: Season 2: Episode 32","8/2/25"
"Happy Gilmore","8/2/25"
"Final Destination 5","8/1/25"
"Goosebumps 2: Haunted Halloween","8/1/25"
"Jumanji: Welcome to the Jungle","8/1/25"
"The Brothers Sun: Favor for a Favor","8/1/25"
"The Mask","8/1/25"
"Kuroko's Basketball: Season 2: Episode 31","8/1/25"
"Kuroko's Basketball: Season 2: Episode 30","8/1/25"
"Kuroko's Basketball: Season 2: Episode 29","8/1/25"
"Ozark: Season 4: The Beginning of the End","8/1/25"
"Ozark: Season 3: All In","7/31/25"
"Kuroko's Basketball: Season 2: Episode 28","7/31/25"
"Kuroko's Basketball: Season 2: Episode 27","7/31/25"
"Emergency","7/31/25"
"Ozark: Season 3: Fire Pink","7/30/25"
"Ozark: Season 3: BFF","7/30/25"
"Ozark: Season 3: In Case of Emergency","7/30/25"
"Ozark: Season 3: Su Casa Es Mi Casa","7/30/25"
"Kuroko's Basketball: Season 2: Episode 26","7/30/25"
"Kuroko's Basketball: Season 1: Episode 25","7/30/25"
"Kuroko's Basketball: Season 1: Episode 24","7/30/25"
"Kuroko's Basketball: Season 1: Episode 23","7/30/25"
"Ozark: Season 3: It Came from Michoacán","7/30/25"
"Ozark: Season 3: Boss Fight","7/29/25"
"Kuroko's Basketball: Season 1: Kuroko's Basketball: Tip Off","7/29/25"
"Kuroko's Basketball: Season 1: Episode 22","7/29/25"
"Kuroko's Basketball: Season 1: Episode 21","7/29/25"
"Ozark: Season 3: Kevin Cronin Was Here","7/29/25"
"Ozark: Season 3: Civil Union","7/29/25"
"Ozark: Season 3: Wartime","7/29/25"
"Hwarang: Limited Series: Episode 9","7/29/25"
"Hwarang: Limited Series: Episode 1","7/29/25"
"The Devil Judge: Limited Series: Episode 1","7/29/25"
"Trigger: Limited Series: Episode 1","7/29/25"
"Kuroko's Basketball: Season 1: Episode 20","7/29/25"
"Kuroko's Basketball: Season 1: Episode 19","7/29/25"
"Kuroko's Basketball: Season 1: Episode 18","7/28/25"
"The Great Indian Kapil Show: Season 1: Aamir Unlimited","7/28/25"
"Kuroko's Basketball: Season 1: Episode 17","7/28/25"
"Kuroko's Basketball: Season 1: Episode 16","7/28/25"
"Kuroko's Basketball: Season 1: Episode 15","7/28/25"
"Kuroko's Basketball: Season 1: Episode 14","7/28/25"
"Kuroko's Basketball: Season 1: Episode 13","7/28/25"
"Ozark: Season 2: The Gold Coast","7/28/25"
"Ozark: Season 2: The Badger","7/27/25"
"Ozark: Season 2: The Big Sleep","7/27/25"
"C.I.D: Episodes (51-75): 27-07-2025 Dr Salunkhe Goes Missing","7/27/25"
"C.I.D: Episodes (51-75): 26-07-2025 Ekk Anokha Case","7/27/25"
"Ozark: Season 2: One Way Out","7/27/25"
"Kuroko's Basketball: Season 1: Episode 12","7/27/25"
"Kuroko's Basketball: Season 1: Episode 11","7/27/25"
"Jaane Jaan","7/26/25"
"Fishbowl Wives: The Headache Wife Part 1","7/26/25"
"Fishbowl Wives: The Chaperone Wife","7/26/25"
"Fishbowl Wives: The Lunchbox Wife","7/26/25"
"Fishbowl Wives: The Outsourcing Wife","7/26/25"
"Fishbowl Wives: The Fishbowl Wife","7/26/25"
"Happy Ending","7/26/25"
"Ozark: Season 2: Outer Darkness","7/26/25"
"The Great Indian Kapil Show: Season 3: Mic Drop with Podcasters","7/26/25"
"Ozark: Season 2: Game Day","7/26/25"
"Ozark: Season 2: Stag","7/26/25"
"The Great Indian Kapil Show: Season 1: ⁠Dil Se Deol - Sunny and Bobby","7/26/25"
"Ozark: Season 2: Once a Langmore...","7/26/25"
"Kuroko's Basketball: Season 1: Episode 10","7/26/25"
"Kuroko's Basketball: Season 1: Episode 9","7/26/25"
"Kuroko's Basketball: Season 1: Episode 8","7/26/25"
"Ozark: Season 2: The Precious Blood of Jesus","7/26/25"
"Ozark: Season 2: Reparations","7/26/25"
"Ozark: Season 1: The Toll","7/26/25"
"Ozark: Season 1: Coffee, Black","7/26/25"
"The Intern","7/25/25"
"Ozark: Season 1: Kaleidoscope","7/25/25"
"Ozark: Season 1: Nest Box","7/25/25"
"Ozark: Season 1: Book of Ruth","7/25/25"
"Ozark: Season 1: Ruling Days","7/25/25"
"Ozark: Season 1: Tonight We Improvise","7/25/25"
"Kuroko's Basketball: Season 1: Episode 7","7/25/25"
"Kuroko's Basketball: Season 1: Episode 6","7/24/25"
"The Great Indian Kapil Show: Season 1: Perfect Partnership - Janhvi Kapoor and Rajkumar Rao","7/24/25"
"The Great Indian Kapil Show: Season 1: The Perfect Artist - Ed Sheeran","7/24/25"
"The Great Indian Kapil Show: Season 1: Diamonds of Heeramandi","7/24/25"
"The Great Indian Kapil Show: Season 1: Brothers in Arms - Vicky and Sunny Kaushal","7/24/25"
"The Great Indian Kapil Show: Season 1: Kartik Aaryan and Khandaan","7/24/25"
"Kuroko's Basketball: Season 1: Episode 5","7/24/25"
"Kuroko's Basketball: Season 1: Episode 4","7/23/25"
"Kota Factory: Season 3: Product Delivery","7/23/25"
"Kota Factory: Season 1: Inventory","7/23/25"
"The Great Indian Kapil Show: Season 2: Varun In Action","7/23/25"
"Kuroko's Basketball: Season 1: Episode 3","7/22/25"
"Kuroko's Basketball: Season 1: Episode 2","7/22/25"
"Kuroko's Basketball: Season 1: Episode 1","7/21/25"
"Our Beloved Summer: Limited Series: Love Actually","7/21/25"
"Our Beloved Summer: Limited Series: Begin Again","7/21/25"
"Leila: Episode 6","7/20/25"
"Leila: Episode 5","7/20/25"
"Leila: Episode 4","7/20/25"
"Leila: Episode 3","7/20/25"
"Leila: Episode 2","7/20/25"
"Leila: Episode 1","7/20/25"
"The Archies","7/20/25"
"Ozark: Season 1: My Dripping Sleep","7/20/25"
"Ozark: Season 1: Blue Cat","7/20/25"
"Friday Night Plan","7/20/25"
"C.I.D: Episodes (51-75): 20-07-2025 Officer Purvi's Narrow Escape","7/20/25"
"C.I.D: Episodes (51-75): 19-07-2025 Team CID On A Vacation","7/20/25"
"C.I.D: Episodes (51-75): 13-07-2025 Double Agent Daya","7/20/25"
"Swades: We, the People","7/20/25"
"Ozark: Season 1: Sugarwood","7/20/25"
"The Ruins","7/20/25"
"Brick","7/20/25"
"Dynasty: Season 4: The Aftermath","7/20/25"
"UNTAMED: A Celestial Event","7/20/25"
"Peaky Blinders: Season 1: Episode 1","7/20/25"
"Dynasty: Season 4: Vows Are Still Sacred","7/19/25"
"Squid Game: Season 3: Keys and Knives","7/19/25"
"It","7/19/25"
"Crime Patrol: 26 Jurm, 26 Cases: 06-07-2025 Kya Zindagi Degi Second Chance?","7/19/25"
"Suicide Squad","7/19/25"
"8 Vasantalu","7/19/25"
"Murder Mindfully: Season 1: Breathing","7/19/25"
"The Brothers Sun: Pilot","7/19/25"
"C.I.D: Episodes (51-75): 12-07-2025 Purvi Receives A Message","7/19/25"
"C.I.D: Episodes (51-75): 06-07-2025 Inspector Daya’s Secret Code","7/19/25"
"C.I.D: Episodes (51-75): 05-07-2025 Officer Daya On The Run","7/19/25"
"Ranma1/2: Season 1: Here's Ranma","7/17/25"
"I Was Reincarnated as the 7th Prince so I Can Take My Time Perfecting My Magical Ability: Reincarnated as The Seventh Prince","7/17/25"
"DAN DA DAN: Season 2: You Won’t Get Away With This","7/17/25"
"Pad Man","7/17/25"
"The Royals: A Royal Misunderstanding.","7/14/25"
"Squid Game: Season 1: Red Light, Green Light","7/14/25"
"Thug Life","7/13/25"
"DAN DA DAN: Season 2: The Evil Eye","7/10/25"
"Wednesday: Season 1: Wednesday's Child Is Full of Woe","7/9/25"
"Breaking Bad: Season 1: Pilot","7/9/25"
"The Teacher","7/7/25"
"DAHMER: Monster: The Jeffrey Dahmer Story: Silenced","7/7/25"
"DAHMER: Monster: The Jeffrey Dahmer Story: Blood On Their Hands","7/7/25"
"DAHMER: Monster: The Jeffrey Dahmer Story: The Good Boy Box","7/7/25"
"DAHMER: Monster: The Jeffrey Dahmer Story: Doin' A Dahmer","7/7/25"
"DAHMER: Monster: The Jeffrey Dahmer Story: Please Don't Go","7/7/25"
"DAHMER: Monster: The Jeffrey Dahmer Story: Episode One","7/7/25"
"The Sandman: Season 2: Season of Mists","7/7/25"
"The Sandman: Season 1: A Special Episode - Dream of a Thousand Cats/Calliope","7/7/25"
"The Sandman: Season 1: Lost Hearts","7/7/25"
"The Sandman: Season 1: Collectors","7/7/25"
"The Sandman: Season 1: Playing House","7/7/25"
"The Sandman: Season 1: The Doll's House","7/7/25"
"The Sandman: Season 1: The Sound of Her Wings","7/7/25"
"The Sandman: Season 1: 24/7","7/7/25"
"The Sandman: Season 1: A Hope in Hell","7/7/25"
"The Sandman: Season 1: Dream a Little Dream of Me","7/7/25"
"The Sandman: Season 1: Imperfect Hosts","7/7/25"
"The Sandman: Season 1: Sleep of the Just","7/7/25"
"Enola Holmes 2","7/7/25"
"Enola Holmes","7/6/25"
"The Great Indian Kapil Show: Season 1: Game Changers - Sania, Saina, Mary Kom and Sift Kaur","7/6/25"
"The Great Indian Kapil Show: Season 1: Cricket Fever - Rohit and Shreyas","7/6/25"
"The Old Guard","7/6/25"
"The Great Indian Kapil Show: Season 3: Coach and the Cricketers","7/5/25"
"C.I.D: Episodes (51-75): 29-06-2025 Omkar Sawant Has A Breakthrough","7/5/25"
"Deva","7/1/25"
"Ascharyachakit!","7/1/25"
"C.I.D: Episodes (51-75): 28-06-2025 Omkar Sawant Joins The Team","6/29/25"
"Squid Game in Conversation","6/28/25"
"Squid Game: Season 3: Humans Are…","6/28/25"
"Squid Game: Season 3: ○△□","6/28/25"
"C.I.D: Episodes (51-75): 22-06-2025 Janamdin Par Maut","6/28/25"
"Squid Game: Season 3: 222","6/28/25"
"C.I.D: Episodes (51-75): 21-06-2025 Dead Men In Uniform","6/28/25"
"C.I.D: Episodes (51-75): 15-06-2025 Death In The Jungle","6/28/25"
"C.I.D: Episodes (51-75): 14-06-2025 Behind the Glamour","6/28/25"
"Squid Game: Season 3: It's Not Your Fault","6/28/25"
"Squid Game: Season 3: The Starry Night","6/27/25"
"C.I.D: Episodes (26-50): 08-06-2025 Accident Or Murder","6/27/25"
"C.I.D: Episodes (26-50): 07-06-2025 ACP Pradyuman Tricks CID","6/27/25"
"C.I.D: Episodes (26-50): 01-06-2025 ACP Pradyuman Is Alive?","6/27/25"
"C.I.D: Episodes (26-50): 31-05-2025 Jewellery Theft","6/25/25"
"Ride or Die","6/22/25"
"Y Tu Mamá También","6/22/25"
"Elisa & Marcela","6/22/25"
"C.I.D: Episodes (26-50): 25-05-2025 The Last Call","6/22/25"
"C.I.D: Episodes (26-50): 24-05-2025 Case Of Real Diamonds","6/22/25"
"Rana Naidu: Season 2: One Last Job, Again","6/22/25"
"C.I.D: Episodes (26-50): 18-05-2025 Skeleton At A Construction Site","6/22/25"
"Rana Naidu: Season 2: Sumdi Mein Lomdi","6/22/25"
"Rana Naidu: Season 2: Double Dholki","6/22/25"
"Rana Naidu: Season 2: It Will Never Be Okay","6/22/25"
"Rana Naidu: Season 2: Kacchaa Limbu Saalaa","6/22/25"
"Rana Naidu: Season 2: Well Played, Mr Naidu","6/22/25"
"Rana Naidu: Season 2: Bada Kutta","6/22/25"
"Rana Naidu: Season 2: One Last Job","6/22/25"
"Rana Naidu: Season 1: Game over g*ndu","6/21/25"
"Rana Naidu: Season 1: Maharaj","6/21/25"
"Rana Naidu: Season 1: Tu kya kiya?","6/21/25"
"Rana Naidu: Season 1: Nitya","6/21/25"
"C.I.D: Episodes (26-50): 17-05-2025 The Mysterious Death Of A Businessman","6/21/25"
"C.I.D: Episodes (26-50): 11-05-2025 Missing Flight","6/21/25"
"C.I.D: Episodes (26-50): 10-05-2025 The Last Stroke","6/21/25"
"Rana Naidu: Season 1: Bheje ku light, gote ku tight","6/21/25"
"Rana Naidu: Season 1: Kitna gurda, kitna goo","6/21/25"
"Rana Naidu: Season 1: Baap bete ke rishte","6/21/25"
"Rana Naidu: Season 1: Koi mar gaya kya?","6/20/25"
"Rana Naidu: Season 1: Teen karod","6/20/25"
"Rana Naidu: Season 1: He's back","6/20/25"
"C.I.D: Episodes (26-50): 04-05-2025 Accidental Death Or A Planned Murder?","6/20/25"
"C.I.D: Episodes (26-50): 03-05-2025 CID Mein Gaddar","6/19/25"
"C.I.D: Episodes (26-50): 27-04-2025 The Silent Den","6/19/25"
"C.I.D: Episodes (26-50): 26-04-2025 Death In The Car","6/19/25"
"C.I.D: Episodes (26-50): 20-04-2025 Murder At The Railway Tracks","6/19/25"
"C.I.D: Episodes (26-50): 19-04-2025 Murder At The Studio","6/19/25"
"C.I.D: Episodes (26-50): 13-04-2025 Purze","6/19/25"
"C.I.D: Episodes (26-50): 12-04-2025 Ticket To Heaven","6/19/25"
"C.I.D: Episodes (26-50): 06-04-2025 The Aftermath","6/19/25"
"Article 15","6/16/25"
"C.I.D: Episodes (26-50): 05-04-2025 The End Of The Watch","6/15/25"
"C.I.D: Episodes (26-50): 30-03-2025 Nakabposh","6/15/25"
"Selection Day: Episode 1","6/15/25"
"C.I.D: Episodes (26-50): 29-03-2025 Men's Premier League","6/15/25"
"C.I.D: Episodes (26-50): 23-03-2025 The Talking Skeleton","6/15/25"
"WWE SmackDown: 2025: June 13, 2025","6/15/25"
"Sacred Games: Season 1: Ashwathama ","6/15/25"
"Dhoom Dhaam","6/14/25"
"C.I.D: Episodes (26-50): 22-03-2025 Baby Steps","6/14/25"
"C.I.D: Episodes (26-50): 16-03-2025 Room No 804","6/14/25"
"C.I.D: Episodes (1-25): 15-03-2025 Swimmers","6/14/25"
"C.I.D: Episodes (1-25): 09-03-2025 Curse Of The Burning Man","6/14/25"
"C.I.D: Episodes (1-25): 08-03-2025 Not Guilty","6/14/25"
"C.I.D: Episodes (1-25): 02-03-2025 Death Of A Therapist","6/14/25"
"C.I.D: Episodes (1-25): 01-03-2025 Gilheri Rakshas","6/13/25"
"C.I.D: Episodes (1-25): 23-02-2025 Shrap","6/12/25"
"C.I.D: Episodes (1-25): 22-02-2025 Goat Monster","6/12/25"
"C.I.D: Episodes (1-25): 16-02-2025 Mechanical Trap","6/12/25"
"C.I.D: Episodes (1-25): 15-02-2025 Flat No 403","6/12/25"
"C.I.D: Episodes (1-25): 09-02-2025 The Last Fight","6/12/25"
"C.I.D: Episodes (1-25): 08-02-2025 Killer Route","6/12/25"
"C.I.D: Episodes (1-25): 02-02-2025 Katputli Ka Khel","6/12/25"
"K.O.","6/12/25"
"American Manhunt: Osama bin Laden: Operation Neptune Spear","6/11/25"
"American Manhunt: Osama bin Laden: Gloves Are Off","6/11/25"
"American Manhunt: Osama bin Laden: A New Kind of Enemy","6/11/25"
"C.I.D: Episodes (1-25): 01-02-2025 Charcoal","6/11/25"
"Titan: The OceanGate Submersible Disaster","6/11/25"
"C.I.D: Episodes (1-25): 26-01-2025 Ready to Eat","6/11/25"
"C.I.D: Episodes (1-25): 25-01-2025 Gumnaam Hai Koi","6/11/25"
"C.I.D: Episodes (1-25): 19-01-2025 Jungle","6/10/25"
"C.I.D: Episodes (1-25): 18-01-2025 Twelfth Victim","6/10/25"
"C.I.D: Episodes (1-25): 12-01-2025 Bank Robbery","6/10/25"
"C.I.D: Episodes (1-25): 11-01-2025 Grehani","6/10/25"
"C.I.D: Episodes (1-25): 05-01-2025 Salunkhe's Catwalk","6/10/25"
"C.I.D: Episodes (1-25): 04-01-2025 Murder On The Island","6/10/25"
"HIT: The First Case","6/10/25"
"Mission: Impossible - Rogue Nation","6/10/25"
"C.I.D: Episodes (1-25): 29-12-2024 Chehre Par Chehra","6/9/25"
"C.I.D: Episodes (1-25): 28-12-2024 Body In The Red Suitcase","6/9/25"
"C.I.D: Episodes (1-25): 22-12-2024 A Mid-Air Murder","6/9/25"
"Jaat","6/9/25"
"Breaking Bad: Season 1: Cancer Man","6/9/25"
"Breaking Bad: Season 1: And the Bag's in the River","6/9/25"
"Jaadugar","6/7/25"
"Azaad","6/7/25"
"Sikandar","6/6/25"
"Narco-Saints: Episode 1","6/6/25"
"The Diplomat","6/5/25"
"Khel Khel Mein","6/5/25"
"Naruto Shippuden: Season 20: The Unison Sign","6/3/25"
"Naruto Shippuden: Season 20: Naruto and Sasuke","6/3/25"
"Naruto Shippuden: Season 20: The Final Battle","6/3/25"
"Naruto Shippuden: Season 20: The Final Valley","6/3/25"
"Naruto Shippuden: Season 20: Congratulations","6/3/25"
"Naruto Shippuden: Season 20: The Sharingan Revived","6/3/25"
"Naruto Shippuden: Season 20: The Ones Who Will Inherit","6/3/25"
"Naruto Shippuden: Season 20: The Sage of the Six Paths","6/3/25"
"Naruto Shippuden: Season 20: The Eight Inner Gates Formation","6/3/25"
"Naruto Shippuden: Season 18: The Promise That Was Kept","6/3/25"
"Naruto Shippuden: Season 18: I'm Always Watching","6/3/25"
"Naruto Shippuden: Season 18: A Heart Filled With Comrades","6/3/25"
"Naruto Shippuden: Season 18: Pursuing Hope","6/3/25"
"Naruto Shippuden: Season 18: A Shinobi's Dream","6/3/25"
"Naruto Shippuden: Season 18: The Divine Tree","6/3/25"
"Naruto Shippuden: Season 18: The Day Naruto Was Born","6/3/25"
"Naruto Shippuden: Season 18: An Opening","6/3/25"
"Naruto Shippuden: Season 18: The Ten Tails' Jinchuriki","6/3/25"
"Naruto Shippuden: Season 18: The Directive To Take the Nine Tails","6/3/25"
"Naruto Shippuden: Season 18: Kakashi vs. Obito","6/3/25"
"Bloodhounds: Episode 1","6/2/25"
"Naruto Shippuden: Season 18: The New Three-Way Deadlock","6/2/25"
"Naruto Shippuden: Season 18: Team 7 Assemble!","6/2/25"
"Naruto Shippuden: Season 17: Something to Fill the Hole","6/2/25"
"Naruto Shippuden: Season 17: Hole","6/2/25"
"Naruto Shippuden: Season 17: Sasuke's Answer","6/2/25"
"Naruto Shippuden: Season 17: Hashirama and Madara","6/2/25"
"Naruto Shippuden: Season 17: The All-Knowing","6/2/25"
"Naruto Shippuden: Season 17: Those Who Dance in the Shadows","6/2/25"
"Naruto Shippuden: Season 17: The Ties That Bind","6/2/25"
"Naruto Shippuden: Season 17: The Allied Shinobi Forces Jutsu","6/1/25"
"Naruto Shippuden: Season 17: Kakashi's Resolve","6/1/25"
"Naruto Shippuden: Season 15: Obito and Madara","6/1/25"
"HIT: The Third Case","6/1/25"
"Naruto Shippuden: Season 15: Who Are You?","5/31/25"
"Naruto Shippuden: Season 15: Eyes That See in the Dark","5/31/25"
"Naruto Shippuden: Season 15: The Promise of Victory","5/31/25"
"Naruto Shippuden: Season 15: Two-Man Team","5/31/25"
"Naruto Shippuden: Season 15: Kurama","5/31/25"
"Naruto Shippuden: Season 15: Nine Tails","5/31/25"
"Naruto Shippuden: Season 15: Four Tails, the King of Sage Monkeys","5/31/25"
"Naruto Shippuden: Season 12: For My Friend","5/31/25"
"Bungo Stray Dogs: Fortune Is Unpredictable and Mutable","5/31/25"
"Ginny & Georgia: Season 1: Pilot","5/31/25"
"PK","5/31/25"
"Ittefaq","5/31/25"
"Laal Singh Chaddha","5/31/25"
"Carry-On","5/30/25"
"Mad","5/30/25"
"Happiness: Limited Series: Episode 4","5/29/25"
"Happiness: Limited Series: Episode 3","5/29/25"
"Meet Joe Black","5/29/25"
"Happiness: Limited Series: Episode 2","5/29/25"
"Happiness: Limited Series: Episode 1","5/29/25"
"Annabelle Comes Home","5/29/25"
"Annabelle: Creation","5/29/25"
"Chainsaw Man: Dog & Chainsaw","5/28/25"
"Three of Us","5/28/25"
"Delhi Crime: Season 1: Episode 6","5/28/25"
"Delhi Crime: Season 1: Episode 1","5/28/25"
"Our Beloved Summer: Limited Series: Our Nights Are More Beautiful Than Your Days","5/28/25"
"Khakee: The Bihar Chapter: AMIT KAUN ???","5/28/25"
"Khakee: The Bihar Chapter: CHANDANWA KA JANM !","5/28/25"
"Khakee: The Bihar Chapter: PATRA PARICHAY !","5/28/25"
"Dragon","5/27/25"
"Murder Mubarak","5/27/25"
"Hero","5/27/25"
"Anek","5/27/25"
"Ulajh","5/26/25"
"Srikanth","5/26/25"
"Our Beloved Summer: Limited Series: Hello, My Soul Mate","5/26/25"
"Hi Papa (Hindi)","5/26/25"
"Gangs of Wasseypur: Part 2","5/26/25"
"A Suitable Boy: Limited Series: Episode 1","5/26/25"
"Choked: Paisa Bolta Hai","5/26/25"
"Dolly Kitty Aur Woh Chamakte Sitare","5/26/25"
"Jaoon Kahan Bata Ae Dil","5/26/25"
"Jack","5/26/25"
"Gangs of Wasseypur: Part 1","5/26/25"
"Dabba Cartel: Episode 1","5/26/25"
"Mission: Impossible - Dead Reckoning","5/25/25"
"Car Masters: Rust to Riches: Season 1: Outsmarted","5/25/25"
"Car Masters: Rust to Riches: Season 6: Doubling Down","5/25/25"
"One of Us Is Lying: Season 1: Pilot","5/25/25"
"Our Beloved Summer: Limited Series: Just Friends","5/25/25"
"Our Beloved Summer: Limited Series: Before Sunset","5/25/25"
"Our Beloved Summer: Limited Series: Catch Me If You Can","5/25/25"
"Our Beloved Summer: Limited Series: Pride and Prejudice","5/25/25"
"Black Warrant: Double Umar Qaid","5/25/25"
"Laila Majnu","5/25/25"
"Our Beloved Summer: Limited Series: A Secret That Can’t Be Told","5/25/25"
"Our Beloved Summer: Limited Series: The Boy, or the Girl, We Liked Then","5/25/25"
"Our Beloved Summer: Limited Series: 10 Things I Hate About You","5/25/25"
"Our Beloved Summer: Limited Series: 1792 Days of Summer","5/25/25"
"Our Beloved Summer: Limited Series: I Know What You Did Last Summer","5/25/25"
"Suits: Season 3: Conflict of Interest","5/25/25"
"Suits: Season 3: Unfinished Business","5/25/25"
"The Glory: Episode 1","5/24/25"
"Vincenzo: Episode 1","5/24/25"
"A Killer Paradox: Episode 1","5/24/25"
"Black Warrant: Kambal","5/24/25"
"Suits: Season 3: I Want You to Want Me","5/24/25"
"Black Warrant: Jail ka Khaana","5/24/25"
"Black Warrant: Team Player","5/24/25"
"Officer Black Belt","5/24/25"
"The Royals: Lights, Camera, AUCTION!","5/24/25"
"Court: State vs A Nobody","5/24/25"
"Suits: Season 3: The Arrangement","5/24/25"
"Suits: Season 2: War","5/24/25"
"Jewel Thief - The Heist Begins","5/24/25"
"The Recruit: Season 1: I.N.A.S.I.A.L.","5/24/25"
"The Gray Man","5/24/25"
"Black Warrant: Dhaakad","5/24/25"
"Black Warrant: Phaansi Kothi","5/24/25"
"Black Warrant: Saanp","5/24/25"
"Extraction","5/24/25"
"Jumanji: The Next Level","5/24/25"
"Suits: Season 2: Normandy","5/24/25"
"Suits: Season 2: He's Back","5/24/25"
"Suits: Season 2: Zane Vs. Zane","5/24/25"
"Talaash","5/23/25"
"No One Gets Out Alive","5/23/25"
"Suits: Season 2: Blood in the Water","5/23/25"
"Kabhi Alvida Naa Kehna","5/23/25"
"Gumraah","5/23/25"
"Aranyak: Episode 1","5/23/25"
"Jawan: Extended Cut","5/23/25"
"Good Bad Ugly","5/22/25"
"Kabir Singh","5/22/25"
"Kal Ho Naa Ho","5/22/25"
"Fighter","5/21/25"
"Crew","5/21/25"
"Bet: Game On","5/21/25"
"Animal","5/20/25"
"IC 814: The Kandahar Hijack: Limited Series: Episode 1","5/20/25"
"Mission Majnu","5/19/25"
"The Ghazi Attack","5/19/25"
"Wild Wild Punjab","5/19/25"
"Chhaava","5/19/25"
"The Royals: The Maharaja who Loved.","5/18/25"
"Kalki 2898 AD (Hindi)","5/17/25"
"Lucy","5/16/25"
"Mowgli: Legend of the Jungle","5/16/25"
"My Happy Marriage: Season 1: Ripples","5/16/25"
"Spider-Man: No Way Home","5/16/25"
"My Happy Marriage: Season 1: The Gift","5/16/25"
"My Happy Marriage: Season 1: Our First Date","5/16/25"
"My Happy Marriage: Season 1: About My Husband-to-Be","5/16/25"
"My Happy Marriage: Season 1: The Meeting","5/16/25"
"MF Ghost: Season 1: Challenger From England","5/16/25"
"Suits: Season 2: Blind-Sided","5/15/25"
"Naruto Shippuden: Season 8: Explosion! Sage Mode","5/14/25"
"Naruto Shippuden: Season 1: Homecoming","5/14/25"
"Bad Influence","5/13/25"
"Suits: Season 2: High Noon","5/11/25"
"Suits: Season 2: Asterisk","5/11/25"
"Suits: Season 2: Rewind","5/11/25"
"Suits: Season 2: Sucker Punch","5/11/25"
"Suits: Season 2: All In","5/10/25"
"Suits: Season 2: Break Point","5/10/25"
"Suits: Season 2: Discovery","5/10/25"
"Suits: Season 2: Meet the New Boss","5/10/25"
"Suits: Season 2: The Choice","5/10/25"
"Suits: Season 2: She Knows","5/10/25"
"Bulbbul","5/10/25"
"Berlin: Season 1: The Energy of Love","5/10/25"
"Suits: Season 1: Dog Fight","5/10/25"
"Suits: Season 1: Rules of the Game","5/10/25"
"Suits: Season 1: The Shelf Life","5/10/25"
"Suits: Season 1: Undefeated","5/10/25"
"Khakee: The Bihar Chapter: PHACE TO PHACE !","5/10/25"
"Khakee: The Bihar Chapter: MEETA JI KI LOVE STORY PART 2","5/10/25"
"Suits: Season 1: Identity Crisis","5/10/25"
"Khakee: The Bihar Chapter: MEETA JI KI LOVE STORY !!!","5/10/25"
"Suits: Season 1: Play the Man","5/10/25"
"Suits: Season 1: Tricks of the Trade","5/10/25"
"Suits: Season 1: Bail Out","5/10/25"
"Khakee: The Bihar Chapter: MOOH DIKHAI !!!","5/10/25"
"Suits: Season 1: Dirty Little Secrets","5/9/25"
"Suits: Season 1: Inside Track","5/9/25"
"Suits: Season 1: Errors and Omissions","5/9/25"
"Suits: Season 1: Pilot Part 1 & 2","5/9/25"
"Focus","5/9/25"
"Fifty Shades of Grey","5/7/25"
"Dynasty: Season 4: That Unfortunate Dinner","5/5/25"
"Dynasty: Season 3: My Hangover's Arrived","5/5/25"
"Dynasty: Season 3: Robin Hood Rescues","5/5/25"
"The Umbrella Academy: Season 1: We Only See Each Other at Weddings and Funerals","5/5/25"
"The Suicide Squad","5/5/25"
"That Girl in Yellow Boots","5/4/25"
"Easy: Season 1: The F**king Study","5/4/25"
"Pitta Kathalu: Ramula","5/4/25"
"Sky Rojo: Season 1: A Whore's Love","5/3/25"
"Sky Rojo: Season 1: Sex and Blood","5/3/25"
"Sky Rojo: Season 1: Foxy and Hare","5/3/25"
"Sky Rojo: Season 1: Bear Trap","5/3/25"
"Sky Rojo: Season 2: Hookers' Black Boxes","5/3/25"
"Sky Rojo: Season 2: The Night We Were Dead","5/3/25"
"Sky Rojo: Season 2: Fear Weighs 10,000 Tons","5/3/25"
"Sky Rojo: Season 2: The Talent of Wretches","5/3/25"
"Sky Rojo: Season 3: Gold, Frankincense, and Lead","5/3/25"
"Sky Rojo: Season 3: Helplessness and Ice Hockey","5/3/25"
"Sky Rojo: Season 3: Ambushing the Embryo","5/3/25"
"Sky Rojo: Season 3: Jesus Was Right","5/3/25"
"Sky Rojo: Season 3: Diesel, Saltpeter, and Gunpowder","5/3/25"
"Sky Rojo: Season 3: The Lucky Cat","5/3/25"
"Sky Rojo: Season 3: The Line That Separates Us","5/3/25"
"Sky Rojo: Season 3: Getting into Heaven through the Back Door","5/3/25"
"Sky Rojo: Season 2: Toxic People","5/3/25"
"Sky Rojo: Season 2: Lobster for Death Row Inmates","5/3/25"
"Sky Rojo: Season 2: Hookers Didn't Kiss on the Lips","5/3/25"
"Sky Rojo: Season 1: Thinking with your D**k","5/3/25"
"Sky Rojo: Season 1: The Escape","5/3/25"
"Sky Rojo: Season 1: Alternate Reality","5/3/25"
"You: Season 3: And They Lived Happily Ever After","5/2/25"
"You: Season 1: Pilot","5/2/25"
"You: Season 2: A Fresh Start","5/2/25"
"Loving Adults","5/2/25"
"Manifest: Season 1: Pilot","5/2/25"
"Daybreak: Josh vs. the Apocalypse: Part 1","5/2/25"
"Havoc","5/2/25"
"Just Go With It","5/2/25"
"Sex Tape","5/2/25"
"TEST","5/2/25"
"Dynasty: Season 3: You Make Being a Priest Sound Like Something Bad","5/2/25"
"Crazy Rich Asians","5/2/25"
"The Union","5/2/25"
"Fun with Dick & Jane","5/1/25"
"Bad Boys","5/1/25"
"Sky Rojo: Season 2: Rotten and Radiant","5/1/25"
"Sky Rojo: Season 1: Red Leatherette Sofa","5/1/25"
"Dynasty: Season 3: She Cancelled …","5/1/25"
"Exterritorial","5/1/25"
"The Gardener: Limited Series: Atlantic Landscape","5/1/25"
"The Life List","5/1/25"
"Behind Her Eyes: Limited Series: Chance Encounters","4/30/25"
"Hustle","4/30/25"
"You Don't Mess with the Zohan","4/30/25"
"The Truman Show","4/30/25"
"Delicious","4/30/25"
"Dynasty: Season 3: Is the Next Surgery on the House?","4/30/25"
"Dynasty: Season 3: Up a Tree","4/30/25"
"Class: Episode 7","4/30/25"
"Class: Episode 6","4/30/25"
"Class: Episode 5","4/30/25"
"Class: Episode 4","4/29/25"
"Class: Episode 3","4/29/25"
"Class: Episode 2","4/29/25"
"Class: Episode 1","4/29/25"
"Mad Square","4/29/25"
"You: Season 5: Finale","4/29/25"
"You: Season 5: Trial of the Furies","4/29/25"
"You: Season 5: Folie a Deux","4/29/25"
"You: Season 5: #JoeGoldberg","4/29/25"
"You: Season 5: The Dark Face of Love","4/28/25"
"You: Season 5: Last Dance","4/28/25"
"Dynasty: Season 3: That Wicked Stepmother","4/27/25"
"You: Season 5: My Fair Maddie","4/27/25"
"You: Season 5: Impostor Syndrome","4/27/25"
"Adolescence: Limited Series: Episode 1","4/27/25"
"Lady Chatterley's Lover","4/27/25"
"You: Season 5: Blood Will Have Blood","4/27/25"
"Naam Shabana","4/26/25"
"You: Season 5: The Luckiest Guy in NY","4/26/25"
"Dynasty: Season 3: You See Most Things in Terms of Black and White","4/25/25"
"Dynasty: Season 3: Battle Lines","4/24/25"
"Breaking Bad: Season 1: The Cat's in the Bag","4/24/25"
"Dynasty: Season 3: A Wound That May Never Heal","4/24/25"
"Dynasty: Season 3: What Sorrows Are You Drowning?","4/23/25"
"Dark: Season 1: Secrets","4/23/25"
"Behind the Curtain: Stranger Things The First Shadow","4/23/25"
"Dynasty: Season 3: Shoot from the Hip","4/23/25"
"Dynasty: Season 3: The Caviar, I Trust, Is Not Burned","4/22/25"
"Sliver","4/21/25"
"Crime Patrol: 26 Jurm, 26 Cases: 12-04-2025 Aakhri Call","4/21/25"
"Crime Patrol: 26 Jurm, 26 Cases: 20-04-2025 48 Ghante, Tukdo Mein Sach","4/21/25"
"Dynasty: Season 3: The Sensational Blake Carrington Trial","4/20/25"
"Dynasty: Season 3: A Used Up Memory","4/20/25"
"Dynasty: Season 3: Mother? I'm at La Mirage","4/20/25"
"Dynasty: Season 3: Something Desperate","4/20/25"
"Khakee: The Bengal Chapter: Lanka Dahan","4/19/25"
"Khakee: The Bengal Chapter: The Mole","4/19/25"
"Khakee: The Bengal Chapter: City of Bhoy","4/19/25"
"Khakee: The Bengal Chapter: Rakshabandhan","4/19/25"
"Khakee: The Bengal Chapter: Jay-Veeru","4/19/25"
"Khakee: The Bengal Chapter: Gurudakshina","4/19/25"
"Khakee: The Bengal Chapter: City of Joy","4/19/25"
"Dynasty: Season 3: Wild Ghost Chase","4/18/25"
"Dynasty: Season 3: Caution Never Won a War","4/18/25"
"Elite: Season 1: Everyone Lies","4/18/25"
"Dynasty: Season 3: Guilt Trip to Alaska","4/18/25"
"Dynasty: Season 2: Deception, Jealousy and Lies","4/17/25"
"Dynasty: Season 2: Thicker Than Money","4/17/25"
"Dynasty: Season 2: New Lady in Town","4/17/25"
"Elite: Season 1: Love is a Drug","4/17/25"
"Dynasty: Season 2: This Illness of Mine","4/17/25"
"Dynasty: Season 2: Life Is a Masquerade Party","4/17/25"
"Elite: Season 1: Saturday Night","4/17/25"
"Elite: Season 1: Desire","4/17/25"
"Elite: Season 1: Welcome","4/17/25"
"Dynasty: Season 2: How Two-Faced Can You Get?","4/15/25"
"Dynasty: Season 2: Miserably Ungrateful Men","4/15/25"
"Dynasty: Season 2: Motherly Overprotectiveness","4/15/25"
"Dynasty: Season 2: Parisian Legend Has It…","4/15/25"
"When Life Gives You Tangerines: Limited Series: A Fruitful Fall","4/15/25"
"When Life Gives You Tangerines: Limited Series: Life Goes On and On","4/15/25"
"Dynasty: Season 2: Even Worms Can Procreate","4/14/25"
"Dynasty: Season 2: Filthy Games","4/14/25"
"Dynasty: Season 2: The Sight of You","4/14/25"
"Dynasty: Season 2: A Champagne Mood","4/13/25"
"When Life Gives You Tangerines: Limited Series: A Midsummer Night’s Full Nets","4/13/25"
"When Life Gives You Tangerines: Limited Series: The Blazing Summer Sunshine","4/13/25"
"When Life Gives You Tangerines: Limited Series: Yesterday Was Your Spring","4/12/25"
"When Life Gives You Tangerines: Limited Series: Sassy First Love","4/12/25"
"Dynasty: Season 2: Crazy Lady","4/12/25"
"When Life Gives You Tangerines: Limited Series: Spring in a Heartbeat","4/12/25"
"May the Devil Take You","4/11/25"
"Dynasty: Season 2: A Real Instinct for the Jugular","4/11/25"
"Officer on Duty","4/11/25"
"Dynasty: Season 2: A Temporary Infestation","4/11/25"
"Dynasty: Season 2: That Witch","4/10/25"
"Dynasty: Season 2: Queen of Cups","4/9/25"
"Dynasty: Season 2: Snowflakes in Hell","4/7/25"
"Dynasty: Season 2: The Butler Did It","4/6/25"
"Happiness: Limited Series: Episode 12","4/6/25"
"Happiness: Limited Series: Epsiode 11","4/5/25"
"Happiness: Limited Series: Episode 10","4/5/25"
"Happiness: Limited Series: Episode 9","4/5/25"
"Happiness: Limited Series: Episode 8","4/5/25"
"Happiness: Limited Series: Episode 7","4/5/25"
"Dynasty: Season 2: Ship of Vipers","4/4/25"
"Happiness: Limited Series: Episode 6","4/4/25"
"Savi","4/4/25"
"Happiness: Limited Series: Episode 5","4/4/25"
"Dynasty: Season 2: Twenty-Three Skidoo","4/1/25"
"Demon Slayer: Kimetsu no Yaiba: Tanjiro Kamado, Unwavering Resolve Arc: Master of the Mansion","4/1/25"
"Demon Slayer: Kimetsu no Yaiba: Tanjiro Kamado, Unwavering Resolve Arc: Cruelty","4/1/25"
"Adolescence: Limited Series: Episode 2","3/31/25"
"Lupin: Part 3: Chapter 7","3/30/25"
"Duck Butter","3/28/25"
"Lupin: Part 3: Chapter 6","3/25/25"
"Lupin: Part 3: Chapter 5","3/25/25"
"Lupin: Part 3: Chapter 4","3/24/25"
"Lupin: Part 3: Chapter 3","3/24/25"
"Lupin: Part 3: Chapter 2","3/23/25"
"The Uncanny Counter: Season 1: Episode 1","3/22/25"
"Lupin: Part 3: Chapter 1","3/22/25"
"Lupin: Part 2: Chapter 10","3/21/25"
"Gossip Girl: Season 1: Pilot","3/21/25"
"Gossip Girl: Season 1: The Blair Bitch Project","3/21/25"
"Lupin: Part 2: Chapter 9","3/21/25"
"Lupin: Part 2: Chapter 8","3/20/25"
"Lupin: Part 2: Chapter 7","3/20/25"
"Lupin: Part 2: Chapter 6","3/20/25"
"Lupin: Part 1: Chapter 5","3/20/25"
"Lupin: Part 1: Chapter 4","3/20/25"
"Lupin: Part 1: Chapter 3","3/19/25"
"Lupin: Part 1: Chapter 2","3/19/25"
"Lupin: Part 1: Chapter 1","3/19/25"
"Dynasty: Season 1: Dead Scratch","3/19/25"
"Dynasty: Season 1: Trashy Little Tramp","3/19/25"
"Heeramandi: The Diamond Bazaar: Season 1: Fareedanjaan - The Challenger Returns","3/19/25"
"Heeramandi: The Diamond Bazaar: Season 1: Mallikajaan - The Queen of Heeramandi","3/19/25"
"Tribhuvan Mishra CA Topper: Romance Bhi, Action Bhi, Drama Bhi","3/19/25"
"Article 370","3/18/25"
"Dynasty: Season 1: A Line from the Past","3/18/25"
"Dynasty: Season 1: Use or Be Used","3/17/25"
"Dynasty: Season 1: Don’t Con a Con Artist","3/17/25"
"Dynasty: Season 1: Enter Alexis","3/15/25"
"Dynasty: Season 1: Poor Little Rich Girl","3/15/25"
"Dynasty: Season 1: Our Turn Now","3/15/25"
"Dynasty: Season 1: The Gospel According to Blake Carrington","3/15/25"
"Dynasty: Season 1: Nothing But Trouble","3/15/25"
"Dynasty: Season 1: Promises You Can’t Keep","3/14/25"
"Dynasty: Season 1: I Answer to No Man","3/14/25"
"Dynasty: Season 1: I Hardly Recognized You","3/14/25"
"Uncharted","3/14/25"
